Workbook

Sheet BOM
A3: SafeRest - Bill of Materials (BOM)
A4: Solo materiales usados hasta ahora. Se agregarán filas a medida que avance el proyecto.
A6: Sistema | B6: Categoría | C6: Cantidad | D6: Componente | E6: Especificación | F6: Fabricante | G6: Código | H6: Proveedor | I6: Precio Unitario (CLP) | J6: Precio Total (CLP) | K6: Datasheet
A7: Mat | B7: Sensores | C7: 4 | D7: Celda de carga 50 kg (tipo barra) | E7: 50 kg, con 4 celdas en el mat | F7: Genérico | G7: 599 | H7: https://hubot.cl/producto/celda-de-carga-50-kg/ | I7: 2400 | J7: =IF(I7="",0,C7*I7) -> 9600 | K7: celda_carga_datasheet.pdf
A8: Mat | B8: Sensores | C8: 1 | D8: Módulo amplificador HX711 | E8: Amplificador de celdas de carga | F8: Kuongshun | G8: 1314 | H8: https://afel.cl/products/sensor-peso-y-presion-transmisor-de-celda-de-carga-hx711?_pos=2&_sid=12394d1de&_ss=r | I8: 2300 | J8: =IF(I8="",0,C8*I8) -> 2300 | K8: HX711_datasheet.pdf
A9: Mat | B9: Microcontrolador | C9: 1 | D9: Wemos D1 (ESP8266) | E9: Formato Uno, WiFi/ESP-NOW | F9: Kuongshun | G9: 1345 | H9: https://afel.cl/products/wemos-d1-wifi-esp8266-microcontrolador?variant=45125241274520 | I9: 8490 | J9: =IF(I9="",0,C9*I9) -> 8490 | K9: https://afel.cl/products/wemos-d1-wifi-esp8266-microcontrolador?variant=45125241274520
A10: Mat | B10: Otros | C10: 1 | D10: Cables de conexión (1mt) | E10: Jumpers para el prototipo | F10: Genérico | G10: 1412 | H10: https://afel.cl/products/cable-dupont-plano-40-pines-1mt?variant=45125273223320 | I10: 3000 | J10: =IF(I10="",0,C10*I10) -> 3000
A11: Control | B11: Microcontrolador | C11: 1 | D11: Wemos D1 mini (ESP8266) | E11: ESP-NOW | F11: Kuongshun | G11: 1513 | H11: https://afel.cl/products/wemos-d1-mini-esp8266-wifi-esp-12f?variant=45125214142616 | I11: 4990 | J11: =IF(I11="",0,C11*I11) -> 4990 | K11: https://afel.cl/products/wemos-d1-mini-esp8266-wifi-esp-12f?variant=45125214142616
A12: Control | B12: Actuadores | C12: 1 | D12: Buzzer | E12: Alerta sonora | F12: Genérico | G12: 1451 | H12: https://afel.cl/products/buzzer-activo?variant=45125217190040 | I12: 300 | J12: =IF(I12="",0,C12*I12) -> 300
A13: Control | B13: Otros | C13: 1 | D13: Pulsador (botón) | E13: Silencia la alarma | F13: Genérico | G13: 1027 | H13: https://afel.cl/products/boton-tactil-tapa-12x12x7-3-interruptor?variant=45125247631512 | I13: 100 | J13: =IF(I13="",0,C13*I13) -> 100
A14: Control | B14: Otros | C14: 1 | D14: Módulo UPS con USB-A y micro-USB | E14: Con interruptor ON/OFF | F14: Genérico | G14: 672 | H14: https://hubot.cl/producto/modulo-cargador-usb-para-bateria-18650-v3-para-mcu-sku-672/ | I14: 4290 | J14: =IF(I14="",0,C14*I14) -> 4290 | K14: https://hubot.cl/producto/modulo-cargador-usb-para-bateria-18650-v3-para-mcu-sku-672/
A15: Control | B15: Otros | C15: 1 | D15: Batería 18650 | E15: Li-ion 3,7 V | F15: Kuongshun | G15: 2933 | H15: https://afel.cl/products/bateria-recargable-18650-3-7v-1800mah?variant=47345143513240 | I15: 2000 | J15: =IF(I15="",0,C15*I15) -> 2000 | K15: https://afel.cl/products/bateria-recargable-18650-3-7v-1800mah?variant=47345143513240
A16: Control | B16: Otros | C16: 1 | D16: Protoboard | E16: Prototipo (luego se cambia por perfboard) | F16: Genérico | G16: 1226 | H16: https://afel.cl/products/mini-protoboard-400-puntos?variant=45125249663128 | I16: 1500 | J16: =IF(I16="",0,C16*I16) -> 1500
A17: Control | B17: Otros | C17: 1 | D17: Cargador USB 5 V (enchufe de celular) | E17: Carga el UPS | F17: Genérico | G17: 453 | H17: https://hubot.cl/producto/adaptador-dc-raspberry-pi-3-5v-3-amperes/ | I17: 5600 | J17: =IF(I17="",0,C17*I17) -> 5600
A18: Control | B18: Otros | C18: 1 | D18: Cable micro-USB | F18: Genérico | G18: MCI08003 | H18: https://mcielectronics.cl/shop/product/cable-micro-usb-30cm/ | I18: 1690 | J18: =IF(I18="",0,C18*I18) -> 1690
A19: Control | B19: Otros | C19: 1 | D19: Cables de conexión (lote) | E19: Jumpers para el prototipo | F19: Genérico | G19: 1135 | H19: https://afel.cl/products/pack-60-cables-de-conexion?variant=45125231935640 | I19: 2500 | J19: =IF(I19="",0,C19*I19) -> 2500
A20: Control | B20: Otros | C20: 1 | D20: Transistor 2N2222 | E20: NPN TO-92, activa el buzzer desde D5 (datasheet de la variante P2N2222A) | F20: Genérico | G20: 668 | H20: https://hubot.cl/producto/transistor-2n2222-to-92-sku-668h3/ | I20: 160 | J20: =IF(I20="",0,C20*I20) -> 160 | K20: https://www.onsemi.com/pdf/datasheet/p2n2222a-d.pdf
A21: Control | B21: Otros | C21: 1 | D21: Resistencia 1 kΩ | E21: 1 kΩ, entre D5 y la base del transistor | F21: Genérico | G21: 406-1 | H21: https://hubot.cl/producto/20-resistencias-14w-1-distintos-valores/ | I21: 600 | J21: =IF(I21="",0,C21*I21) -> 600
J22: =IF(I22="",0,C22*I22) -> 0
I23: TOTAL | J23: =SUM(J7:J22) -> 47120

Sheet Resumen
A1: Presupuesto por categoría (CLP)
A3: Categoría | B3: Mat | C3: Control | D3: Total
A4: Microcontrolador | B4: =SUMIFS(BOM!$J$7:$J$22,BOM!$A$7:$A$22,"Mat",BOM!$B$7:$B$22,$A4) -> 8490 | C4: =SUMIFS(BOM!$J$7:$J$22,BOM!$A$7:$A$22,"Control",BOM!$B$7:$B$22,$A4) -> 4990 | D4: =B4+C4 -> 13480
A5: Sensores | B5: =SUMIFS(BOM!$J$7:$J$22,BOM!$A$7:$A$22,"Mat",BOM!$B$7:$B$22,$A5) -> 11900 | C5: =SUMIFS(BOM!$J$7:$J$22,BOM!$A$7:$A$22,"Control",BOM!$B$7:$B$22,$A5) -> 0 | D5: =B5+C5 -> 11900
A6: Actuadores | B6: =SUMIFS(BOM!$J$7:$J$22,BOM!$A$7:$A$22,"Mat",BOM!$B$7:$B$22,$A6) -> 0 | C6: =SUMIFS(BOM!$J$7:$J$22,BOM!$A$7:$A$22,"Control",BOM!$B$7:$B$22,$A6) -> 300 | D6: =B6+C6 -> 300
A7: Estructura | B7: =SUMIFS(BOM!$J$7:$J$22,BOM!$A$7:$A$22,"Mat",BOM!$B$7:$B$22,$A7) -> 0 | C7: =SUMIFS(BOM!$J$7:$J$22,BOM!$A$7:$A$22,"Control",BOM!$B$7:$B$22,$A7) -> 0 | D7: =B7+C7 -> 0
A8: Otros | B8: =SUMIFS(BOM!$J$7:$J$22,BOM!$A$7:$A$22,"Mat",BOM!$B$7:$B$22,$A8) -> 3000 | C8: =SUMIFS(BOM!$J$7:$J$22,BOM!$A$7:$A$22,"Control",BOM!$B$7:$B$22,$A8) -> 18440 | D8: =B8+C8 -> 21440
A9: TOTAL | B9: =SUM(B4:B8) -> 23390 | C9: =SUM(C4:C8) -> 23730 | D9: =SUM(D4:D8) -> 47120
A11: Control de cuadratura (debe ser 0): | D11: =D9-BOM!J23 -> 0
